Time,Active,Active(anon),Active(file),AnonHugePages,AnonPages,Bounce,Buffers,Cached,CommitLimit,Committed_AS,DirectMap1G,DirectMap2M,DirectMap4k,Dirty,FileHugePages,FilePmdMapped,HardwareCorrupted,HugePages_Free,HugePages_Rsvd,HugePages_Surp,HugePages_Total,Hugepagesize,Hugetlb,Inactive,Inactive(anon),Inactive(file),KReclaimable,KernelStack,Mapped,MemAvailable,MemFree,MemTotal,Mlocked,NFS_Unstable,PageTables,Percpu,SReclaimable,SUnreclaim,SecPageTables,Shmem,ShmemHugePages,ShmemPmdMapped,Slab,SwapCached,SwapFree,SwapTotal,Unevictable,VmallocChunk,VmallocTotal,VmallocUsed,Writeback,WritebackTmp,Zswap,Zswapped
1701182246.6794708,24407868,856,24407012,0,5070808,0,34996,25320860,16161868,5898476,28311552,5627904,122788,228,0,0,0,0,0,0,0,2048,0,5990908,5052180,938728,684964,5216,100012,26545036,975876,32323736,27736,0,13272,8064,684964,104984,0,904,0,0,789948,0,0,0,27736,0,34359738367,24596,0,0,0,0
1701182246.8800042,24414332,856,24413476,0,5085088,0,34996,25914540,16161868,5908500,28311552,5627904,122788,232,0,0,0,0,0,0,0,2048,0,6592356,5066440,1525916,685020,5216,100196,26537644,374776,32323736,27736,0,13288,8064,685020,105032,0,904,0,0,790052,0,0,0,27736,0,34359738367,24596,0,0,0,0
1701182247.0805569,23968584,856,23967728,0,5201220,0,33192,25613276,16161868,6018472,28311552,5627904,122788,0,0,0,0,0,0,0,0,2048,0,6850380,5182228,1668152,684980,5216,99064,26404664,553540,32323736,27736,0,13712,8064,684980,105160,0,904,0,0,790140,0,0,0,27736,0,34359738367,24596,0,0,0,0
1701182247.2810369,23968612,856,23967756,0,4770108,0,33192,25611948,16161868,5586140,28311552,5627904,122788,4,0,0,0,0,0,0,0,2048,0,6419224,4751808,1667416,684980,5216,99064,26779256,928840,32323736,27736,0,13844,8064,684980,105596,0,904,0,0,790576,0,0,0,27736,0,34359738367,24596,0,0,0,0
