Time,Active,Active(anon),Active(file),AnonHugePages,AnonPages,Bounce,Buffers,Cached,CommitLimit,Committed_AS,DirectMap1G,DirectMap2M,DirectMap4k,Dirty,FileHugePages,FilePmdMapped,HardwareCorrupted,HugePages_Free,HugePages_Rsvd,HugePages_Surp,HugePages_Total,Hugepagesize,Hugetlb,Inactive,Inactive(anon),Inactive(file),KReclaimable,KernelStack,Mapped,MemAvailable,MemFree,MemTotal,Mlocked,NFS_Unstable,PageTables,Percpu,SReclaimable,SUnreclaim,SecPageTables,Shmem,ShmemHugePages,ShmemPmdMapped,Slab,SwapCached,SwapFree,SwapTotal,Unevictable,VmallocChunk,VmallocTotal,VmallocUsed,Writeback,WritebackTmp,Zswap,Zswapped
1701182258.6597822,24524120,856,24523264,0,839836,0,33192,25613664,16161868,1975260,28311552,5627904,122788,368,0,0,0,0,0,0,0,2048,0,1934780,821156,1113624,685020,5840,187512,30735900,4883728,32323736,27736,0,6528,8064,685020,105868,0,904,0,0,790888,0,0,0,27736,0,34359738367,25204,0,0,0,0
1701182258.8602195,24534712,856,24533856,0,851120,0,33192,26246720,16161868,1975276,28311552,5627904,122788,7932,0,0,0,0,0,0,0,2048,0,2565728,832472,1733256,685020,5840,708040,30763012,4280616,32323736,27736,0,7640,8064,685020,106024,0,904,0,0,791044,0,0,0,27736,0,34359738367,25204,0,0,0,0
1701182259.060734,24953524,856,24952668,0,874556,0,33192,26945524,16161868,1975276,28311552,5627904,122788,83060,0,0,0,0,0,0,0,2048,0,2869152,855904,2013248,685020,5840,1336168,30734788,3553588,32323736,27736,0,11560,8064,685020,106176,0,904,0,0,791196,0,0,0,27736,0,34359738367,25204,0,0,0,0
