Time,Active,Active(anon),Active(file),AnonHugePages,AnonPages,Bounce,Buffers,Cached,CommitLimit,Committed_AS,DirectMap1G,DirectMap2M,DirectMap4k,Dirty,FileHugePages,FilePmdMapped,HardwareCorrupted,HugePages_Free,HugePages_Rsvd,HugePages_Surp,HugePages_Total,Hugepagesize,Hugetlb,Inactive,Inactive(anon),Inactive(file),KReclaimable,KernelStack,Mapped,MemAvailable,MemFree,MemTotal,Mlocked,NFS_Unstable,PageTables,Percpu,SReclaimable,SUnreclaim,SecPageTables,Shmem,ShmemHugePages,ShmemPmdMapped,Slab,SwapCached,SwapFree,SwapTotal,Unevictable,VmallocChunk,VmallocTotal,VmallocUsed,Writeback,WritebackTmp,Zswap,Zswapped
1701182252.784506,24053484,856,24052628,0,839832,0,33192,25612248,16161868,1649424,28311552,5627904,122788,0,0,0,0,0,0,0,0,2048,0,2403788,820980,1582808,684980,5216,99340,30763052,4912372,32323736,27736,0,6628,8064,684980,105992,0,904,0,0,790972,0,0,0,27736,0,34359738367,24580,0,0,0,0
1701182252.9850147,24520680,856,24519824,0,1446932,0,33192,25612384,16161868,2289768,28311552,5627904,122788,0,0,0,0,0,0,0,0,2048,0,2543096,1427220,1115876,684980,5216,99340,30175188,4324244,32323736,27736,0,6668,8064,684980,105984,0,904,0,0,790964,0,0,0,27736,0,34359738367,24580,0,0,0,0
1701182253.1855059,24522508,856,24521652,0,1796116,0,33192,25612460,16161868,2674376,28311552,5627904,122788,0,0,0,0,0,0,0,0,2048,0,2893732,1779684,1114048,684980,5216,99372,29779240,3928296,32323736,27736,0,7268,8064,684980,105668,0,904,0,0,790648,0,0,0,27736,0,34359738367,24580,0,0,0,0
