Time,Active,Active(anon),Active(file),AnonHugePages,AnonPages,Bounce,Buffers,Cached,CommitLimit,Committed_AS,DirectMap1G,DirectMap2M,DirectMap4k,Dirty,FileHugePages,FilePmdMapped,HardwareCorrupted,HugePages_Free,HugePages_Rsvd,HugePages_Surp,HugePages_Total,Hugepagesize,Hugetlb,Inactive,Inactive(anon),Inactive(file),KReclaimable,KernelStack,Mapped,MemAvailable,MemFree,MemTotal,Mlocked,NFS_Unstable,PageTables,Percpu,SReclaimable,SUnreclaim,SecPageTables,Shmem,ShmemHugePages,ShmemPmdMapped,Slab,SwapCached,SwapFree,SwapTotal,Unevictable,VmallocChunk,VmallocTotal,VmallocUsed,Writeback,WritebackTmp,Zswap,Zswapped
1701182379.342483,15752716,844,15751872,0,3972072,0,2284,25336284,16161868,4692908,28311552,5627904,122788,0,0,0,0,0,0,0,0,2048,0,13529964,3953228,9576736,502160,5136,48188,27654464,2285240,32323736,27736,0,18792,8064,502160,104952,0,896,0,0,607112,0,0,0,27736,0,34359738367,24452,0,0,0,0
1701182379.543005,16914560,844,16913716,0,4019768,0,2284,25336284,16161868,4740708,28311552,5627904,122788,0,0,0,0,0,0,0,0,2048,0,12415820,4000928,8414892,502160,5136,48188,27606584,2237360,32323736,27736,0,18792,8064,502160,104952,0,896,0,0,607112,0,0,0,27736,0,34359738367,24452,0,0,0,0
1701182379.7435532,18079328,844,18078484,0,4242172,0,2284,25336284,16161868,4964048,28311552,5627904,122788,0,0,0,0,0,0,0,0,2048,0,11473456,4223332,7250124,502160,5136,48188,27385328,2016104,32323736,27736,0,18792,8064,502160,104952,0,896,0,0,607112,0,0,0,27736,0,34359738367,24452,0,0,0,0
1701182379.9441285,18742116,844,18741272,0,4547216,0,2284,25336300,16161868,5270272,28311552,5627904,122788,0,0,0,0,0,0,0,0,2048,0,11115380,4528024,6587356,502160,5136,48196,27075000,1705756,32323736,27736,0,18792,8064,502160,104952,0,896,0,0,607112,0,0,0,27736,0,34359738367,24452,0,0,0,0
