Time,Active,Active(anon),Active(file),AnonHugePages,AnonPages,Bounce,Buffers,Cached,CommitLimit,Committed_AS,DirectMap1G,DirectMap2M,DirectMap4k,Dirty,FileHugePages,FilePmdMapped,HardwareCorrupted,HugePages_Free,HugePages_Rsvd,HugePages_Surp,HugePages_Total,Hugepagesize,Hugetlb,Inactive,Inactive(anon),Inactive(file),KReclaimable,KernelStack,Mapped,MemAvailable,MemFree,MemTotal,Mlocked,NFS_Unstable,PageTables,Percpu,SReclaimable,SUnreclaim,SecPageTables,Shmem,ShmemHugePages,ShmemPmdMapped,Slab,SwapCached,SwapFree,SwapTotal,Unevictable,VmallocChunk,VmallocTotal,VmallocUsed,Writeback,WritebackTmp,Zswap,Zswapped
1701182645.316339,16444420,848,16443572,0,5507920,0,2180,25277484,16161868,6413304,28311552,5627904,122788,2824,0,0,0,0,0,0,0,2048,0,14314612,5489244,8825368,468984,5756,184124,26105348,828968,32323736,27736,0,16972,8064,468984,103228,0,904,0,0,572212,0,0,0,27736,0,34359738367,25164,0,0,0,0
1701182645.5167768,16443212,856,16442356,0,5643356,0,2192,25565972,16161868,6429700,28311552,5627904,122788,302508,0,0,0,0,0,0,0,2048,0,14740424,5624844,9115580,474740,5840,5989044,25946304,375172,32323736,27736,0,64612,8064,474740,103460,0,904,0,0,578200,0,0,0,27736,0,34359738367,25164,0,0,0,0
1701182645.7173033,16448672,856,16447816,0,5700064,0,2192,25466908,16161868,6478860,28311552,5627904,122788,305144,0,0,0,0,0,0,0,2048,0,14692088,5681172,9010916,475804,5840,6004208,25881492,408500,32323736,27736,0,66012,8064,475804,103460,0,904,0,0,579264,0,0,0,27736,0,34359738367,25164,0,0,0,0
1701182645.9178588,16446972,856,16446116,0,5700064,0,2192,25462684,16161868,6478860,28311552,5627904,122788,356468,0,0,0,0,0,0,0,2048,0,14690012,5681172,9008840,476168,5840,6561128,25877408,407828,32323736,27736,0,71836,8064,476168,103460,0,904,0,0,579628,0,0,0,27736,0,34359738367,25164,0,0,0,0
