Time,Active,Active(anon),Active(file),AnonHugePages,AnonPages,Bounce,Buffers,Cached,CommitLimit,Committed_AS,DirectMap1G,DirectMap2M,DirectMap4k,Dirty,FileHugePages,FilePmdMapped,HardwareCorrupted,HugePages_Free,HugePages_Rsvd,HugePages_Surp,HugePages_Total,Hugepagesize,Hugetlb,Inactive,Inactive(anon),Inactive(file),KReclaimable,KernelStack,Mapped,MemAvailable,MemFree,MemTotal,Mlocked,NFS_Unstable,PageTables,Percpu,SReclaimable,SUnreclaim,SecPageTables,Shmem,ShmemHugePages,ShmemPmdMapped,Slab,SwapCached,SwapFree,SwapTotal,Unevictable,VmallocChunk,VmallocTotal,VmallocUsed,Writeback,WritebackTmp,Zswap,Zswapped
1701182756.9246783,16173548,852,16172696,0,6637292,0,2392,24116452,16161868,7533008,28311552,5627904,122788,816,0,0,0,0,0,0,0,2048,0,14553184,6617004,7936180,469184,5792,477340,24982392,865876,32323736,27736,0,20564,8064,469184,102132,0,904,0,0,571316,0,0,0,27736,0,34359738367,25164,0,0,0,0
1701182757.1251261,16169736,852,16168884,0,6947216,0,2392,24042620,16161868,7631320,28311552,5627904,122788,820,0,0,0,0,0,0,0,2048,0,14793032,6926960,7866072,469184,5792,6445812,24644380,605880,32323736,27736,0,61000,8064,469184,102132,0,904,0,0,571316,0,0,0,27736,0,34359738367,25164,0,0,0,0
1701182757.32563,16169736,852,16168884,0,7034336,0,2392,23847276,16161868,7664092,28311552,5627904,122788,820,0,0,0,0,0,0,0,2048,0,14685380,7014804,7670576,469184,5792,6474568,24551476,704376,32323736,27736,0,61408,8064,469184,102132,0,904,0,0,571316,0,0,0,27736,0,34359738367,25164,0,0,0,0
