Time,Active,Active(anon),Active(file),AnonHugePages,AnonPages,Bounce,Buffers,Cached,CommitLimit,Committed_AS,DirectMap1G,DirectMap2M,DirectMap4k,Dirty,FileHugePages,FilePmdMapped,HardwareCorrupted,HugePages_Free,HugePages_Rsvd,HugePages_Surp,HugePages_Total,Hugepagesize,Hugetlb,Inactive,Inactive(anon),Inactive(file),KReclaimable,KernelStack,Mapped,MemAvailable,MemFree,MemTotal,Mlocked,NFS_Unstable,PageTables,Percpu,SReclaimable,SUnreclaim,SecPageTables,Shmem,ShmemHugePages,ShmemPmdMapped,Slab,SwapCached,SwapFree,SwapTotal,Unevictable,VmallocChunk,VmallocTotal,VmallocUsed,Writeback,WritebackTmp,Zswap,Zswapped
1701182784.4092054,16380940,852,16380088,0,6756840,0,2060,23514392,16161868,7674188,28311552,5627904,122788,604,0,0,0,0,0,0,0,2048,0,13864260,6737864,7126396,469136,5824,180016,24824840,1347628,32323736,27736,0,20192,8064,469136,103004,0,904,0,0,572140,0,0,0,27736,0,34359738367,25132,0,0,0,0
1701182784.6096377,16376952,856,16376096,0,7251484,0,2060,23444920,16161868,7842388,28311552,5627904,122788,676,0,0,0,0,0,0,0,2048,0,14293104,7232504,7060600,469136,5840,3133168,24328340,920916,32323736,27736,0,38088,8064,469136,103008,0,904,0,0,572144,0,0,0,27736,0,34359738367,25132,0,0,0,0
1701182784.8101597,16376952,856,16376096,0,7674732,0,2060,23189396,16161868,8094676,28311552,5627904,122788,676,0,0,0,0,0,0,0,2048,0,14459604,7656140,6803464,469136,5840,5461720,23888968,738680,32323736,27736,0,49152,8064,469136,103008,0,904,0,0,572144,0,0,0,27736,0,34359738367,25132,0,0,0,0
1701182785.0106356,16369164,856,16368308,0,7789852,0,2060,23086628,16161868,8402100,28311552,5627904,122788,676,0,0,0,0,0,0,0,2048,0,14479888,7770156,6709732,469136,5840,6485752,23773580,724812,32323736,27736,0,56320,8064,469136,103008,0,904,0,0,572144,0,0,0,27736,0,34359738367,25132,0,0,0,0
1701182785.211076,16369164,856,16368308,0,7530288,0,2060,23087652,16161868,7976404,28311552,5627904,122788,3224,0,0,0,0,0,0,0,2048,0,14226756,7515376,6711380,469136,5840,6492988,24018976,968560,32323736,27736,0,58008,8064,469136,103008,0,904,0,0,572144,0,0,0,27736,0,34359738367,25132,0,0,0,0
