Time,Active,Active(anon),Active(file),AnonHugePages,AnonPages,Bounce,Buffers,Cached,CommitLimit,Committed_AS,DirectMap1G,DirectMap2M,DirectMap4k,Dirty,FileHugePages,FilePmdMapped,HardwareCorrupted,HugePages_Free,HugePages_Rsvd,HugePages_Surp,HugePages_Total,Hugepagesize,Hugetlb,Inactive,Inactive(anon),Inactive(file),KReclaimable,KernelStack,Mapped,MemAvailable,MemFree,MemTotal,Mlocked,NFS_Unstable,PageTables,Percpu,SReclaimable,SUnreclaim,SecPageTables,Shmem,ShmemHugePages,ShmemPmdMapped,Slab,SwapCached,SwapFree,SwapTotal,Unevictable,VmallocChunk,VmallocTotal,VmallocUsed,Writeback,WritebackTmp,Zswap,Zswapped
1701182790.4570858,16554648,852,16553796,0,6705480,0,2072,23096228,16161868,7301304,28311552,5627904,122788,76,0,0,0,0,0,0,0,2048,0,13220180,6686400,6533780,469132,5168,48616,24873228,1814928,32323736,27736,0,19328,8064,469132,102980,0,904,0,0,572112,0,0,0,27736,0,34359738367,24524,0,0,0,0
1701182790.657587,16570000,852,16569148,0,6361948,0,2072,23239824,16161868,6951976,28311552,5627904,122788,80,0,0,0,0,0,0,0,2048,0,13005964,6343688,6662276,469132,5168,48884,25217688,2015540,32323736,27736,0,19092,8064,469132,102980,0,904,0,0,572112,0,0,0,27736,0,34359738367,24524,0,0,0,0
1701182790.8581488,16571416,852,16570564,0,6261612,0,2072,23445276,16161868,6854668,28311552,5627904,122788,80,0,0,0,0,0,0,0,2048,0,13109496,6242980,6866516,469132,5168,48884,25323204,1915400,32323736,27736,0,18888,8064,469132,103404,0,904,0,0,572536,0,0,0,27736,0,34359738367,24524,0,0,0,0
1701182791.0586967,16573632,852,16572780,0,5924132,0,2072,23512628,16161868,6516856,28311552,5627904,122788,80,0,0,0,0,0,0,0,2048,0,12836304,5904644,6931660,469132,5168,48884,25617200,2142036,32323736,27736,0,19084,8064,469132,103396,0,904,0,0,572528,0,0,0,27736,0,34359738367,24524,0,0,0,0
1701182791.2592406,16573652,852,16572800,0,4839764,0,2072,23512628,16161868,5433016,28311552,5627904,122788,80,0,0,0,0,0,0,0,2048,0,11753048,4821348,6931700,469132,5168,48884,26689740,3214516,32323736,27736,0,19112,8064,469132,103428,0,904,0,0,572560,0,0,0,27736,0,34359738367,24524,0,0,0,0
1701182791.4597616,16573712,852,16572860,0,4253656,0,2072,23512888,16161868,4845244,28311552,5627904,122788,80,0,0,0,0,0,0,0,2048,0,11166992,4234872,6932120,469132,5168,48884,27275968,3800264,32323736,27736,0,19232,8064,469132,103616,0,904,0,0,572748,0,0,0,27736,0,34359738367,24524,0,0,0,0
