Time,Active,Active(anon),Active(file),AnonHugePages,AnonPages,Bounce,Buffers,Cached,CommitLimit,Committed_AS,DirectMap1G,DirectMap2M,DirectMap4k,Dirty,FileHugePages,FilePmdMapped,HardwareCorrupted,HugePages_Free,HugePages_Rsvd,HugePages_Surp,HugePages_Total,Hugepagesize,Hugetlb,Inactive,Inactive(anon),Inactive(file),KReclaimable,KernelStack,Mapped,MemAvailable,MemFree,MemTotal,Mlocked,NFS_Unstable,PageTables,Percpu,SReclaimable,SUnreclaim,SecPageTables,Shmem,ShmemHugePages,ShmemPmdMapped,Slab,SwapCached,SwapFree,SwapTotal,Unevictable,VmallocChunk,VmallocTotal,VmallocUsed,Writeback,WritebackTmp,Zswap,Zswapped
1701182796.8783634,16591624,852,16590772,0,818160,0,2072,23513068,16161868,1405244,28311552,5627904,122788,16,0,0,0,0,0,0,0,2048,0,7713696,799296,6914400,469132,5168,48892,30733164,7257268,32323736,27736,0,8756,8064,469132,103380,0,904,0,0,572512,0,0,0,27736,0,34359738367,24524,0,0,0,0
1701182797.07886,16687920,852,16687068,0,1278316,0,2072,23513068,16161868,1964808,28311552,5627904,122788,16,0,0,0,0,0,0,0,2048,0,8077388,1259280,6818108,469132,5168,48892,30316864,6840964,32323736,27736,0,8964,8064,469132,103380,0,904,0,0,572512,0,0,0,27736,0,34359738367,24524,0,0,0,0
1701182797.2793918,16824160,852,16823308,0,1859260,0,2072,23513068,16161868,2537056,28311552,5627904,122788,16,0,0,0,0,0,0,0,2048,0,8521728,1839860,6681868,469132,5168,48892,29736760,6260860,32323736,27736,0,8964,8064,469132,103380,0,904,0,0,572512,0,0,0,27736,0,34359738367,24524,0,0,0,0
1701182797.4799616,16885904,852,16885052,0,2510092,0,2072,23513068,16161868,3182820,28311552,5627904,122788,16,0,0,0,0,0,0,0,2048,0,9111544,2491420,6620124,469132,5168,48892,29053224,5577324,32323736,27736,0,8964,8064,469132,103380,0,904,0,0,572512,0,0,0,27736,0,34359738367,24524,0,0,0,0
