Time,Active,Active(anon),Active(file),AnonHugePages,AnonPages,Bounce,Buffers,Cached,CommitLimit,Committed_AS,DirectMap1G,DirectMap2M,DirectMap4k,Dirty,FileHugePages,FilePmdMapped,HardwareCorrupted,HugePages_Free,HugePages_Rsvd,HugePages_Surp,HugePages_Total,Hugepagesize,Hugetlb,Inactive,Inactive(anon),Inactive(file),KReclaimable,KernelStack,Mapped,MemAvailable,MemFree,MemTotal,Mlocked,NFS_Unstable,PageTables,Percpu,SReclaimable,SUnreclaim,SecPageTables,Shmem,ShmemHugePages,ShmemPmdMapped,Slab,SwapCached,SwapFree,SwapTotal,Unevictable,VmallocChunk,VmallocTotal,VmallocUsed,Writeback,WritebackTmp,Zswap,Zswapped
1701182890.2296395,7337784,848,7336936,0,5193380,0,948,14821312,16161868,6066520,28311552,5627904,122788,33408,0,0,0,0,0,0,0,2048,0,12649648,5174688,7474960,468940,5788,193992,26384524,11581616,32323736,27736,0,40480,8064,468940,97820,0,904,0,0,566760,0,0,0,27736,0,34359738367,25212,0,0,0,0
1701182890.4301655,7338120,856,7337264,0,5215168,0,948,14827528,16161868,6066528,28311552,5627904,122788,40380,0,0,0,0,0,0,0,2048,0,12676972,5195728,7481244,469580,5872,5322116,26343656,11533496,32323736,27736,0,63304,8064,469580,97956,0,904,0,0,567536,0,0,0,27736,0,34359738367,25212,0,0,0,0
1701182890.6307068,7338120,856,7337264,0,5244640,0,948,14827528,16161868,6066536,28311552,5627904,122788,40380,0,0,0,0,0,0,0,2048,0,12706696,5225452,7481244,469580,5872,8632368,26299304,11489144,32323736,27736,0,80424,8064,469580,97956,0,904,0,0,567536,0,0,0,27736,0,34359738367,25212,0,0,0,0
1701182890.831187,7338120,856,7337264,0,5269748,0,948,14827528,16161868,6066536,28311552,5627904,122788,40300,0,0,0,0,0,0,0,2048,0,12731908,5250664,7481244,469580,5872,8632912,26273852,11463692,32323736,27736,0,80552,8064,469580,97956,0,904,0,0,567536,0,0,0,27736,0,34359738367,25212,0,0,0,0
