Time,Active,Active(anon),Active(file),AnonHugePages,AnonPages,Bounce,Buffers,Cached,CommitLimit,Committed_AS,DirectMap1G,DirectMap2M,DirectMap4k,Dirty,FileHugePages,FilePmdMapped,HardwareCorrupted,HugePages_Free,HugePages_Rsvd,HugePages_Surp,HugePages_Total,Hugepagesize,Hugetlb,Inactive,Inactive(anon),Inactive(file),KReclaimable,KernelStack,Mapped,MemAvailable,MemFree,MemTotal,Mlocked,NFS_Unstable,PageTables,Percpu,SReclaimable,SUnreclaim,SecPageTables,Shmem,ShmemHugePages,ShmemPmdMapped,Slab,SwapCached,SwapFree,SwapTotal,Unevictable,VmallocChunk,VmallocTotal,VmallocUsed,Writeback,WritebackTmp,Zswap,Zswapped
1701183093.6742973,17270976,856,17270120,0,1340436,0,924,24198280,16161868,2213920,28311552,5627904,122788,468,0,0,0,0,0,0,0,2048,0,8240548,1321500,6919048,402764,5856,149472,30290176,6159788,32323736,27736,0,10424,8064,402764,104196,0,904,0,0,506960,0,0,0,27736,0,34359738367,25196,0,0,0,0
1701183093.8747451,17266528,860,17265668,83968,1634236,0,924,24188568,16161868,2312248,28311552,5627904,122788,660,0,0,0,0,0,0,0,2048,0,8528908,1615280,6913628,402764,5872,531048,30009376,5888860,32323736,27736,0,11976,8064,402764,104196,0,904,0,0,506960,0,0,0,27736,0,34359738367,25196,0,0,0,0
1701183094.0751183,17266528,860,17265668,83968,1720288,0,924,24113220,16161868,2410552,28311552,5627904,122788,660,0,0,0,0,0,0,0,2048,0,8539656,1701328,6838328,402764,5872,531048,29923072,5877856,32323736,27736,0,12340,8064,402764,104196,0,904,0,0,506960,0,0,0,27736,0,34359738367,25196,0,0,0,0
1701183094.2756023,17266528,860,17265668,32768,1673512,0,924,24100980,16161868,2345020,28311552,5627904,122788,660,0,0,0,0,0,0,0,2048,0,8480980,1654572,6826408,402764,5872,679340,29961588,5928292,32323736,27736,0,12388,8064,402764,104196,0,904,0,0,506960,0,0,0,27736,0,34359738367,25196,0,0,0,0
1701183094.4761493,17266548,860,17265688,32768,1674620,0,924,24100980,16161868,2345020,28311552,5627904,122788,660,0,0,0,0,0,0,0,2048,0,8482024,1655584,6826440,402764,5872,914776,29961400,5928052,32323736,27736,0,14060,8064,402764,104196,0,904,0,0,506960,0,0,0,27736,0,34359738367,25196,0,0,0,0
1701183094.6767063,17266548,860,17265688,32768,1674620,0,924,24100980,16161868,2345020,28311552,5627904,122788,660,0,0,0,0,0,0,0,2048,0,8482024,1655584,6826440,402764,5872,1149192,29961400,5928052,32323736,27736,0,14060,8064,402764,104196,0,904,0,0,506960,0,0,0,27736,0,34359738367,25196,0,0,0,0
