Time,Active,Active(anon),Active(file),AnonHugePages,AnonPages,Bounce,Buffers,Cached,CommitLimit,Committed_AS,DirectMap1G,DirectMap2M,DirectMap4k,Dirty,FileHugePages,FilePmdMapped,HardwareCorrupted,HugePages_Free,HugePages_Rsvd,HugePages_Surp,HugePages_Total,Hugepagesize,Hugetlb,Inactive,Inactive(anon),Inactive(file),KReclaimable,KernelStack,Mapped,MemAvailable,MemFree,MemTotal,Mlocked,NFS_Unstable,PageTables,Percpu,SReclaimable,SUnreclaim,SecPageTables,Shmem,ShmemHugePages,ShmemPmdMapped,Slab,SwapCached,SwapFree,SwapTotal,Unevictable,VmallocChunk,VmallocTotal,VmallocUsed,Writeback,WritebackTmp,Zswap,Zswapped
1701113014.6229382,21330572,856,21329716,0,4831504,0,14236,25610360,16161872,5720828,18874368,15040512,147364,292,0,0,0,0,0,0,0,2048,0,9090240,4812920,4277320,619168,5344,80320,26785932,1021188,32323744,27620,0,13456,8000,619168,91344,0,908,0,0,710512,0,0,0,34728,0,34359738367,22200,0,0,0,0
1701113014.8234255,21338024,856,21337168,0,4841532,0,14236,26224036,16161872,5726788,18874368,15040512,147364,296,0,0,0,0,0,0,0,2048,0,9705900,4823008,4882892,619168,5344,80672,26779576,401808,32323744,27620,0,13468,8000,619168,91804,0,908,0,0,710972,0,0,0,34728,0,34359738367,22200,0,0,0,0
1701113015.0251,20935684,856,20934828,0,4996312,0,14040,25995544,16161872,5874980,18874368,15040512,147364,296,0,0,0,0,0,0,0,2048,0,10035264,4977168,5058096,619112,5344,78588,26632808,482232,32323744,27620,0,13896,8000,619112,92000,0,908,0,0,711112,0,0,0,34728,0,34359738367,22200,0,0,0,0
1701113015.2256951,20935132,856,20934276,0,4781424,0,14040,25994984,16161872,5657920,18874368,15040512,147364,296,0,0,0,0,0,0,0,2048,0,9823788,4765912,5057876,619112,5344,78372,26809624,659820,32323744,27620,0,14320,8000,619112,92320,0,908,0,0,711432,0,0,0,34728,0,34359738367,22200,0,0,0,0
