Time,Active,Active(anon),Active(file),AnonHugePages,AnonPages,Bounce,Buffers,Cached,CommitLimit,Committed_AS,DirectMap1G,DirectMap2M,DirectMap4k,Dirty,FileHugePages,FilePmdMapped,HardwareCorrupted,HugePages_Free,HugePages_Rsvd,HugePages_Surp,HugePages_Total,Hugepagesize,Hugetlb,Inactive,Inactive(anon),Inactive(file),KReclaimable,KernelStack,Mapped,MemAvailable,MemFree,MemTotal,Mlocked,NFS_Unstable,PageTables,Percpu,SReclaimable,SUnreclaim,SecPageTables,Shmem,ShmemHugePages,ShmemPmdMapped,Slab,SwapCached,SwapFree,SwapTotal,Unevictable,VmallocChunk,VmallocTotal,VmallocUsed,Writeback,WritebackTmp,Zswap,Zswapped
1701113026.6816869,21528100,856,21527244,0,833020,0,14044,25996580,16161872,2027952,18874368,15040512,147364,688,0,0,0,0,0,0,0,2048,0,5280752,814452,4466300,619152,5984,163096,30750216,4598980,32323744,27620,0,7084,8000,619152,92648,0,908,0,0,711800,0,0,0,34728,0,34359738367,22808,0,0,0,0
1701113026.8821127,21967388,856,21966532,0,846908,0,14044,26573256,16161872,2028096,18874368,15040512,147364,8536,0,0,0,0,0,0,0,2048,0,5429040,828384,4600656,619152,5984,806620,30782168,4057288,32323744,27620,0,8356,8000,619152,92716,0,908,0,0,711868,0,0,0,34728,0,34359738367,22808,0,0,0,0
1701113027.0826554,22442624,856,22441768,0,880924,0,14044,27137220,16161872,2028104,18874368,15040512,147364,96172,0,0,0,0,0,0,0,2048,0,5551468,862000,4689468,619648,5984,1357492,30743124,3453700,32323744,27620,0,12112,8000,619648,92788,0,908,0,0,712436,0,0,0,34728,0,34359738367,22808,0,0,0,0
