Time,Active,Active(anon),Active(file),AnonHugePages,AnonPages,Bounce,Buffers,Cached,CommitLimit,Committed_AS,DirectMap1G,DirectMap2M,DirectMap4k,Dirty,FileHugePages,FilePmdMapped,HardwareCorrupted,HugePages_Free,HugePages_Rsvd,HugePages_Surp,HugePages_Total,Hugepagesize,Hugetlb,Inactive,Inactive(anon),Inactive(file),KReclaimable,KernelStack,Mapped,MemAvailable,MemFree,MemTotal,Mlocked,NFS_Unstable,PageTables,Percpu,SReclaimable,SUnreclaim,SecPageTables,Shmem,ShmemHugePages,ShmemPmdMapped,Slab,SwapCached,SwapFree,SwapTotal,Unevictable,VmallocChunk,VmallocTotal,VmallocUsed,Writeback,WritebackTmp,Zswap,Zswapped
1701113020.757526,21035548,852,21034696,0,841328,0,14044,25995136,16161872,1712612,18874368,15040512,147364,292,0,0,0,0,0,0,0,2048,0,5779992,822652,4957340,619112,5344,78420,30754560,4604872,32323744,27620,0,7436,8000,619112,93136,0,908,0,0,712248,0,0,0,34728,0,34359738367,22200,0,0,0,0
1701113020.9580162,21517444,852,21516592,0,1417408,0,14044,25995264,16161872,2320804,18874368,15040512,147364,292,0,0,0,0,0,0,0,2048,0,5874320,1398636,4475684,619112,5344,78484,30221232,4071304,32323744,27620,0,7456,8000,619112,93136,0,908,0,0,712248,0,0,0,34728,0,34359738367,22200,0,0,0,0
1701113021.1585178,21526264,856,21525408,0,1694500,0,14044,25995420,16161872,2690132,18874368,15040512,147364,292,0,0,0,0,0,0,0,2048,0,6145168,1678156,4467012,619112,5344,78492,29905488,3755416,32323744,27620,0,7748,8000,619112,92908,0,908,0,0,712020,0,0,0,34728,0,34359738367,22200,0,0,0,0
1701113021.3590562,21527708,856,21526852,0,1853988,0,14044,25995448,16161872,2657592,18874368,15040512,147364,292,0,0,0,0,0,0,0,2048,0,6301292,1835724,4465568,619112,5344,78552,29738720,3588648,32323744,27620,0,8176,8000,619112,92820,0,908,0,0,711932,0,0,0,34728,0,34359738367,22200,0,0,0,0
