Time,Active,Active(anon),Active(file),AnonHugePages,AnonPages,Bounce,Buffers,Cached,CommitLimit,Committed_AS,DirectMap1G,DirectMap2M,DirectMap4k,Dirty,FileHugePages,FilePmdMapped,HardwareCorrupted,HugePages_Free,HugePages_Rsvd,HugePages_Surp,HugePages_Total,Hugepagesize,Hugetlb,Inactive,Inactive(anon),Inactive(file),KReclaimable,KernelStack,Mapped,MemAvailable,MemFree,MemTotal,Mlocked,NFS_Unstable,PageTables,Percpu,SReclaimable,SUnreclaim,SecPageTables,Shmem,ShmemHugePages,ShmemPmdMapped,Slab,SwapCached,SwapFree,SwapTotal,Unevictable,VmallocChunk,VmallocTotal,VmallocUsed,Writeback,WritebackTmp,Zswap,Zswapped
1701113158.1161983,13226220,852,13225368,0,4275672,0,3168,25344556,16161872,5059432,18874368,15040512,147364,0,0,0,0,0,0,0,0,2048,0,16362360,4257124,12105236,422560,5240,42296,27297260,2005556,32323744,27620,0,20368,8000,422560,100796,0,908,0,0,523356,0,0,0,34728,0,34359738367,22168,0,0,0,0
1701113158.316693,14508048,856,14507192,0,4283688,0,3168,25344604,16161872,5066712,18874368,15040512,147364,4,0,0,0,0,0,0,0,2048,0,15088408,4264924,10823484,422560,5328,42612,27295060,2003284,32323744,27620,0,20420,8000,422560,100796,0,908,0,0,523356,0,0,0,34728,0,34359738367,22168,0,0,0,0
1701113158.5172474,15778200,856,15777344,0,4462792,0,3168,25344616,16161872,5246372,18874368,15040512,147364,4,0,0,0,0,0,0,0,2048,0,13997352,4444012,9553340,422560,5328,42612,27118416,1826632,32323744,27620,0,20420,8000,422560,100796,0,908,0,0,523356,0,0,0,34728,0,34359738367,22168,0,0,0,0
1701113158.717782,16726508,856,16725652,0,4431588,0,3168,25344628,16161872,5219204,18874368,15040512,147364,4,0,0,0,0,0,0,0,2048,0,13017816,4412756,8605060,422560,5328,42612,27179888,1888076,32323744,27620,0,20420,8000,422560,100772,0,908,0,0,523332,0,0,0,34728,0,34359738367,22168,0,0,0,0
1701113158.9183302,17626052,856,17625196,0,5396800,0,3168,25344628,16161872,6182924,18874368,15040512,147364,4,0,0,0,0,0,0,0,2048,0,13083476,5377956,7705520,422560,5328,42612,26218260,926444,32323744,27620,0,20420,8000,422560,100772,0,908,0,0,523332,0,0,0,34728,0,34359738367,22168,0,0,0,0
