Time,Active,Active(anon),Active(file),AnonHugePages,AnonPages,Bounce,Buffers,Cached,CommitLimit,Committed_AS,DirectMap1G,DirectMap2M,DirectMap4k,Dirty,FileHugePages,FilePmdMapped,HardwareCorrupted,HugePages_Free,HugePages_Rsvd,HugePages_Surp,HugePages_Total,Hugepagesize,Hugetlb,Inactive,Inactive(anon),Inactive(file),KReclaimable,KernelStack,Mapped,MemAvailable,MemFree,MemTotal,Mlocked,NFS_Unstable,PageTables,Percpu,SReclaimable,SUnreclaim,SecPageTables,Shmem,ShmemHugePages,ShmemPmdMapped,Slab,SwapCached,SwapFree,SwapTotal,Unevictable,VmallocChunk,VmallocTotal,VmallocUsed,Writeback,WritebackTmp,Zswap,Zswapped
1701113431.114293,15927848,864,15926984,0,5093956,0,1912,25784084,16161872,6060036,18874368,15040512,147364,2648,0,0,0,0,0,0,0,2048,0,14916584,5075044,9841540,421748,6000,168508,26526436,797624,32323744,27620,0,17756,8000,421748,99224,0,908,0,0,520972,0,0,0,34728,0,34359738367,22824,0,0,0,0
1701113431.314752,15938784,864,15937920,0,5236280,0,1916,25975444,16161872,6109196,18874368,15040512,147364,302048,0,0,0,0,0,0,0,2048,0,15238260,5217172,10021088,427720,6000,5974108,26349952,424684,32323744,27620,0,65076,8000,427720,99224,0,908,0,0,526944,0,0,0,34728,0,34359738367,22824,0,0,0,0
1701113431.5153017,15944768,864,15943904,0,5283764,0,1916,25869356,16161872,6125584,18874368,15040512,147364,314864,0,0,0,0,0,0,0,2048,0,15174708,5265016,9909692,428532,6000,6103696,26293552,472884,32323744,27620,0,66352,8000,428532,99224,0,908,0,0,527756,0,0,0,34728,0,34359738367,22824,0,0,0,0
1701113431.7158654,15945496,864,15944632,0,5283764,0,1920,25896944,16161872,6125584,18874368,15040512,147364,357488,0,0,0,0,0,0,0,2048,0,15201976,5265040,9936936,429000,6000,6572680,26291544,442436,32323744,27620,0,71588,8000,429000,99224,0,908,0,0,528224,0,0,0,34728,0,34359738367,22824,0,0,0,0
