Time,Active,Active(anon),Active(file),AnonHugePages,AnonPages,Bounce,Buffers,Cached,CommitLimit,Committed_AS,DirectMap1G,DirectMap2M,DirectMap4k,Dirty,FileHugePages,FilePmdMapped,HardwareCorrupted,HugePages_Free,HugePages_Rsvd,HugePages_Surp,HugePages_Total,Hugepagesize,Hugetlb,Inactive,Inactive(anon),Inactive(file),KReclaimable,KernelStack,Mapped,MemAvailable,MemFree,MemTotal,Mlocked,NFS_Unstable,PageTables,Percpu,SReclaimable,SUnreclaim,SecPageTables,Shmem,ShmemHugePages,ShmemPmdMapped,Slab,SwapCached,SwapFree,SwapTotal,Unevictable,VmallocChunk,VmallocTotal,VmallocUsed,Writeback,WritebackTmp,Zswap,Zswapped
1701113570.0625062,16397272,860,16396412,0,6241496,0,2188,24636728,16161872,7198956,18874368,15040512,147364,800,0,0,0,0,0,0,0,2048,0,14447748,6222332,8225416,422536,5984,459948,25376356,793452,32323744,27620,0,20888,8000,422536,100572,0,908,0,0,523108,0,0,0,34728,0,34359738367,22824,0,0,0,0
1701113570.262996,16394100,864,16393236,6144,6575884,0,2188,24556964,16161872,7297268,18874368,15040512,147364,988,0,0,0,0,0,0,0,2048,0,14705280,6556664,8148616,422536,5984,6464964,25016992,514064,32323744,27620,0,61900,8000,422536,100576,0,908,0,0,523112,0,0,0,34728,0,34359738367,22824,0,0,0,0
1701113570.4633849,16395192,864,16394328,6144,6655748,0,2188,24451744,16161872,7395572,18874368,15040512,147364,988,0,0,0,0,0,0,0,2048,0,14678660,6636528,8042132,422536,5984,6464964,24937028,539492,32323744,27620,0,61900,8000,422536,100576,0,908,0,0,523112,0,0,0,34728,0,34359738367,22824,0,0,0,0
1701113570.663877,16397012,864,16396148,2048,6641848,0,2188,24404392,16161872,7330040,18874368,15040512,147364,988,0,0,0,0,0,0,0,2048,0,14616340,6622996,7993344,422536,5984,6534824,24938268,587700,32323744,27620,0,62716,8000,422536,100576,0,908,0,0,523112,0,0,0,34728,0,34359738367,22824,0,0,0,0
