Time,Active,Active(anon),Active(file),AnonHugePages,AnonPages,Bounce,Buffers,Cached,CommitLimit,Committed_AS,DirectMap1G,DirectMap2M,DirectMap4k,Dirty,FileHugePages,FilePmdMapped,HardwareCorrupted,HugePages_Free,HugePages_Rsvd,HugePages_Surp,HugePages_Total,Hugepagesize,Hugetlb,Inactive,Inactive(anon),Inactive(file),KReclaimable,KernelStack,Mapped,MemAvailable,MemFree,MemTotal,Mlocked,NFS_Unstable,PageTables,Percpu,SReclaimable,SUnreclaim,SecPageTables,Shmem,ShmemHugePages,ShmemPmdMapped,Slab,SwapCached,SwapFree,SwapTotal,Unevictable,VmallocChunk,VmallocTotal,VmallocUsed,Writeback,WritebackTmp,Zswap,Zswapped
1701113815.2753701,18112436,860,18111576,0,6316452,0,4240,24039488,16161872,7487348,18874368,15040512,147364,656,0,0,0,0,0,0,0,2048,0,12212552,6297496,5915056,422412,5984,198492,25297056,1309472,32323744,27620,0,21320,8000,422412,100708,0,908,0,0,523120,0,0,0,34728,0,34359738367,22824,0,0,0,0
1701113815.4758167,18112436,860,18111576,6144,6743432,0,4240,24005332,16161872,7655548,18874368,15040512,147364,656,0,0,0,0,0,0,0,2048,0,12606876,6724792,5882084,422412,5984,2949652,24875156,920544,32323744,27620,0,34272,8000,422412,100708,0,908,0,0,523120,0,0,0,34728,0,34359738367,22824,0,0,0,0
1701113815.676292,18112440,864,18111576,6144,7009636,0,4240,23929024,16161872,7734388,18874368,15040512,147364,660,0,0,0,0,0,0,0,2048,0,12795800,6990956,5804844,422412,6000,3925400,24599244,721872,32323744,27620,0,44488,8000,422412,100696,0,908,0,0,523108,0,0,0,34728,0,34359738367,22824,0,0,0,0
1701113815.876605,18112440,864,18111576,6144,7275952,0,4240,23769788,16161872,7907836,18874368,15040512,147364,660,0,0,0,0,0,0,0,2048,0,12902680,7256996,5645684,422412,6000,5914232,24319092,600880,32323744,27620,0,54604,8000,422412,100696,0,908,0,0,523108,0,0,0,34728,0,34359738367,22824,0,0,0,0
1701113816.0771449,18112440,864,18111576,6144,7344916,0,4240,23736732,16161872,8191620,18874368,15040512,147364,660,0,0,0,0,0,0,0,2048,0,12938628,7325944,5612684,422412,6000,6525032,24247556,562344,32323744,27620,0,59868,8000,422412,100696,0,908,0,0,523108,0,0,0,34728,0,34359738367,22824,0,0,0,0
