Time,Active,Active(anon),Active(file),AnonHugePages,AnonPages,Bounce,Buffers,Cached,CommitLimit,Committed_AS,DirectMap1G,DirectMap2M,DirectMap4k,Dirty,FileHugePages,FilePmdMapped,HardwareCorrupted,HugePages_Free,HugePages_Rsvd,HugePages_Surp,HugePages_Total,Hugepagesize,Hugetlb,Inactive,Inactive(anon),Inactive(file),KReclaimable,KernelStack,Mapped,MemAvailable,MemFree,MemTotal,Mlocked,NFS_Unstable,PageTables,Percpu,SReclaimable,SUnreclaim,SecPageTables,Shmem,ShmemHugePages,ShmemPmdMapped,Slab,SwapCached,SwapFree,SwapTotal,Unevictable,VmallocChunk,VmallocTotal,VmallocUsed,Writeback,WritebackTmp,Zswap,Zswapped
1701113827.9810562,18315140,860,18314280,0,671396,0,4252,24159180,16161872,1521280,18874368,15040512,147364,0,0,0,0,0,0,0,0,2048,0,6484852,652780,5832072,422376,5328,62676,30922640,6815372,32323744,27620,0,8152,8000,422376,100476,0,908,0,0,522852,0,0,0,34728,0,34359738367,22168,0,0,0,0
1701113828.1815562,18406652,860,18405792,0,1062180,0,4252,24159180,16161872,1986580,18874368,15040512,147364,0,0,0,0,0,0,0,0,2048,0,6783992,1043428,5740564,422376,5328,62676,30569340,6462068,32323744,27620,0,8172,8000,422376,100468,0,908,0,0,522844,0,0,0,34728,0,34359738367,22168,0,0,0,0
1701113828.3821285,18543672,860,18542812,0,1635116,0,4252,24159180,16161872,2580436,18874368,15040512,147364,0,0,0,0,0,0,0,0,2048,0,7219544,1616000,5603544,422376,5328,62676,29997300,5890028,32323744,27620,0,8172,8000,422376,100468,0,908,0,0,522844,0,0,0,34728,0,34359738367,22168,0,0,0,0
1701113828.582723,18608408,860,18607548,0,2323652,0,4252,24159180,16161872,3250932,18874368,15040512,147364,0,0,0,0,0,0,0,0,2048,0,7843328,2304520,5538808,422376,5328,62676,29290664,5183392,32323744,27620,0,8228,8000,422376,100452,0,908,0,0,522828,0,0,0,34728,0,34359738367,22168,0,0,0,0
