Time,Active,Active(anon),Active(file),AnonHugePages,AnonPages,Bounce,Buffers,Cached,CommitLimit,Committed_AS,DirectMap1G,DirectMap2M,DirectMap4k,Dirty,FileHugePages,FilePmdMapped,HardwareCorrupted,HugePages_Free,HugePages_Rsvd,HugePages_Surp,HugePages_Total,Hugepagesize,Hugetlb,Inactive,Inactive(anon),Inactive(file),KReclaimable,KernelStack,Mapped,MemAvailable,MemFree,MemTotal,Mlocked,NFS_Unstable,PageTables,Percpu,SReclaimable,SUnreclaim,SecPageTables,Shmem,ShmemHugePages,ShmemPmdMapped,Slab,SwapCached,SwapFree,SwapTotal,Unevictable,VmallocChunk,VmallocTotal,VmallocUsed,Writeback,WritebackTmp,Zswap,Zswapped
1701113908.9264612,7399992,864,7399128,0,5544280,0,1196,15080260,16161872,6549212,18874368,15040512,147364,31756,0,0,0,0,0,0,0,2048,0,13190612,5525688,7664924,421976,6000,189200,26050716,11026148,32323744,27620,0,43088,8000,421976,94720,0,908,0,0,516696,0,0,0,34728,0,34359738367,22840,0,0,0,0
1701113909.1270077,7399992,864,7399128,0,5566460,0,1196,15087828,16161872,6549220,18874368,15040512,147364,40496,0,0,0,0,0,0,0,2048,0,13219272,5546464,7672808,422476,6016,5240448,26007944,10974992,32323744,27620,0,66336,8000,422476,94720,0,908,0,0,517196,0,0,0,34728,0,34359738367,22840,0,0,0,0
1701113909.327564,7399992,864,7399128,0,5593256,0,1196,15087828,16161872,6549228,18874368,15040512,147364,40496,0,0,0,0,0,0,0,2048,0,13246332,5573524,7672808,422476,6016,8628784,25967324,10934372,32323744,27620,0,83004,8000,422476,94720,0,908,0,0,517196,0,0,0,34728,0,34359738367,22840,0,0,0,0
1701113909.5281153,7399992,864,7399128,0,5616344,0,1196,15087828,16161872,6549228,18874368,15040512,147364,40496,0,0,0,0,0,0,0,2048,0,13270080,5597272,7672808,422476,6016,8628784,25942628,10909676,32323744,27620,0,83016,8000,422476,94720,0,908,0,0,517196,0,0,0,34728,0,34359738367,22840,0,0,0,0
