Time,Active,Active(anon),Active(file),AnonHugePages,AnonPages,Bounce,Buffers,Cached,CommitLimit,Committed_AS,DirectMap1G,DirectMap2M,DirectMap4k,Dirty,FileHugePages,FilePmdMapped,HardwareCorrupted,HugePages_Free,HugePages_Rsvd,HugePages_Surp,HugePages_Total,Hugepagesize,Hugetlb,Inactive,Inactive(anon),Inactive(file),KReclaimable,KernelStack,Mapped,MemAvailable,MemFree,MemTotal,Mlocked,NFS_Unstable,PageTables,Percpu,SReclaimable,SUnreclaim,SecPageTables,Shmem,ShmemHugePages,ShmemPmdMapped,Slab,SwapCached,SwapFree,SwapTotal,Unevictable,VmallocChunk,VmallocTotal,VmallocUsed,Writeback,WritebackTmp,Zswap,Zswapped
1701114063.111895,18951196,864,18950332,0,7051572,0,1228,23994180,16161872,8014540,18874368,15040512,147364,21436,0,0,0,0,0,0,0,2048,0,12060940,7032472,5028468,377164,6032,206552,24550560,656056,32323744,27620,0,26344,8000,377164,99052,0,908,0,0,476216,0,0,0,34728,0,34359738367,22872,0,0,0,0
1701114063.3124576,18951204,864,18950340,0,7068992,0,1240,24158324,16161872,8014564,18874368,15040512,147364,183456,0,0,0,0,0,0,0,2048,0,12242124,7050132,5191992,380000,6048,1870496,24529464,468592,32323744,27620,0,32532,8000,380000,99048,0,908,0,0,479048,0,0,0,34728,0,34359738367,22872,0,0,0,0
1701114063.5129569,18951208,864,18950344,0,7240032,0,1240,24158676,16161872,8018668,18874368,15040512,147364,183600,0,0,0,0,0,0,0,2048,0,12413568,7221156,5192412,380488,6048,6971640,24316644,258956,32323744,27620,0,74212,8000,380488,99048,0,908,0,0,479536,0,0,0,34728,0,34359738367,22888,0,0,0,0
