Time,Active,Active(anon),Active(file),AnonHugePages,AnonPages,Bounce,Buffers,Cached,CommitLimit,Committed_AS,DirectMap1G,DirectMap2M,DirectMap4k,Dirty,FileHugePages,FilePmdMapped,HardwareCorrupted,HugePages_Free,HugePages_Rsvd,HugePages_Surp,HugePages_Total,Hugepagesize,Hugetlb,Inactive,Inactive(anon),Inactive(file),KReclaimable,KernelStack,Mapped,MemAvailable,MemFree,MemTotal,Mlocked,NFS_Unstable,PageTables,Percpu,SReclaimable,SUnreclaim,SecPageTables,Shmem,ShmemHugePages,ShmemPmdMapped,Slab,SwapCached,SwapFree,SwapTotal,Unevictable,VmallocChunk,VmallocTotal,VmallocUsed,Writeback,WritebackTmp,Zswap,Zswapped
1701119407.3125174,10884464,844,10883620,0,1134056,0,9172,14546964,16161872,2324740,18874368,15040512,147364,388,0,0,0,0,0,0,0,2048,0,4770948,1115512,3655436,398692,5900,197224,30511480,16035192,32323744,27620,0,8336,8000,398692,87388,0,908,0,0,486080,0,0,0,34728,0,34359738367,22832,0,0,0,0
1701119407.5129657,10884484,852,10883632,184320,1522824,0,9172,14547004,16161872,2521372,18874368,15040512,147364,468,0,0,0,0,0,0,0,2048,0,5159276,1503812,3655464,398692,6016,579908,30123624,15647296,32323744,27620,0,11028,8000,398692,87524,0,908,0,0,486216,0,0,0,34728,0,34359738367,22832,0,0,0,0
1701119407.7135017,10884484,852,10883632,129024,1469248,0,9172,14547004,16161872,2455840,18874368,15040512,147364,468,0,0,0,0,0,0,0,2048,0,5105708,1450244,3655464,398692,6016,786056,30178712,15702384,32323744,27620,0,11084,8000,398692,87524,0,908,0,0,486216,0,0,0,34728,0,34359738367,22832,0,0,0,0
1701119407.9140494,10884484,852,10883632,129024,1469248,0,9172,14547004,16161872,2455840,18874368,15040512,147364,468,0,0,0,0,0,0,0,2048,0,5105708,1450244,3655464,398692,6016,1033940,30178712,15702384,32323744,27620,0,11448,8000,398692,87524,0,908,0,0,486216,0,0,0,34728,0,34359738367,22832,0,0,0,0
1701119408.11459,10884484,852,10883632,129024,1469388,0,9172,14547004,16161872,2455840,18874368,15040512,147364,468,0,0,0,0,0,0,0,2048,0,5105872,1450408,3655464,398692,6016,1257568,30174428,15698100,32323744,27620,0,16824,8000,398692,87524,0,908,0,0,486216,0,0,0,34728,0,34359738367,22832,0,0,0,0
