Time,Active,Active(anon),Active(file),AnonHugePages,AnonPages,Bounce,Buffers,Cached,CommitLimit,Committed_AS,DirectMap1G,DirectMap2M,DirectMap4k,Dirty,FileHugePages,FilePmdMapped,HardwareCorrupted,HugePages_Free,HugePages_Rsvd,HugePages_Surp,HugePages_Total,Hugepagesize,Hugetlb,Inactive,Inactive(anon),Inactive(file),KReclaimable,KernelStack,Mapped,MemAvailable,MemFree,MemTotal,Mlocked,NFS_Unstable,PageTables,Percpu,SReclaimable,SUnreclaim,SecPageTables,Shmem,ShmemHugePages,ShmemPmdMapped,Slab,SwapCached,SwapFree,SwapTotal,Unevictable,VmallocChunk,VmallocTotal,VmallocUsed,Writeback,WritebackTmp,Zswap,Zswapped
1701119401.2285872,10883624,848,10882776,0,1134144,0,9160,14546920,16161872,2324740,18874368,15040512,147364,392,0,0,0,0,0,0,0,2048,0,4771700,1115476,3656224,398692,5984,197232,30473228,15996996,32323744,27620,0,8552,8000,398692,87492,0,908,0,0,486184,0,0,0,34728,0,34359738367,22784,0,0,0,0
1701119401.4290187,10883628,852,10882776,182272,1517340,0,9160,14546924,16161872,2521372,18874368,15040512,147364,396,0,0,0,0,0,0,0,2048,0,5154492,1498264,3656228,398692,5984,578668,30131620,15655384,32323744,27620,0,9696,8000,398692,87496,0,908,0,0,486188,0,0,0,34728,0,34359738367,22784,0,0,0,0
1701119401.6295562,10883628,852,10882776,129024,1467980,0,9160,14546924,16161872,2455840,18874368,15040512,147364,396,0,0,0,0,0,0,0,2048,0,5105164,1448936,3656228,398692,5984,782316,30176740,15700504,32323744,27620,0,9720,8000,398692,87496,0,908,0,0,486188,0,0,0,34728,0,34359738367,22784,0,0,0,0
1701119401.8301103,10883628,852,10882776,129024,1467980,0,9160,14546924,16161872,2455840,18874368,15040512,147364,396,0,0,0,0,0,0,0,2048,0,5105164,1448936,3656228,398692,5984,1023648,30175732,15699496,32323744,27620,0,12632,8000,398692,87496,0,908,0,0,486188,0,0,0,34728,0,34359738367,22784,0,0,0,0
1701119402.0306659,10883628,852,10882776,129024,1467980,0,9160,14546924,16161872,2455840,18874368,15040512,147364,396,0,0,0,0,0,0,0,2048,0,5105164,1448936,3656228,398692,5984,1255380,30172204,15695968,32323744,27620,0,15532,8000,398692,87496,0,908,0,0,486188,0,0,0,34728,0,34359738367,22784,0,0,0,0
